val_loss,val_acc,epoch,step,train_loss,trai_acc
0.49975717067718506,0.800000011920929,0,489,,
,,0,489,0.5253389477729797,0.800000011920929
0.4863852858543396,0.800000011920929,1,979,,
,,1,979,0.49289655685424805,0.800000011920929
0.481452614068985,0.800000011920929,2,1469,,
,,2,1469,0.4830586314201355,0.8000243902206421
0.47974878549575806,0.800000011920929,3,1959,,
,,3,1959,0.48044776916503906,0.8003510236740112
0.47580718994140625,0.8018573522567749,4,2449,,
,,4,2449,0.47825875878334045,0.8010814785957336
0.4724271893501282,0.8019430637359619,5,2939,,
,,5,2939,0.47341686487197876,0.8020039200782776
0.4711354970932007,0.8014765381813049,6,3429,,
,,6,3429,0.47033849358558655,0.8019096255302429
0.4661683738231659,0.8019812107086182,7,3919,,
,,7,3919,0.4684191644191742,0.8020238876342773
0.4638203978538513,0.8020098805427551,8,4409,,
,,8,4409,0.4667472243309021,0.802411675453186
0.4615064561367035,0.8024097084999084,9,4899,,
,,9,4899,0.4633064270019531,0.80255126953125
0.460350900888443,0.8029808402061462,10,5389,,
,,10,5389,0.4622415602207184,0.8025344610214233
0.45907166600227356,0.8025047183036804,11,5879,,
,,11,5879,0.46076637506484985,0.8030571341514587
0.45612165331840515,0.8042095303535461,12,6369,,
,,12,6369,0.45609381794929504,0.8045349717140198
0.45079198479652405,0.8057141900062561,13,6859,,
,,13,6859,0.4537563920021057,0.8047387003898621
0.4448627233505249,0.8062378168106079,14,7349,,
,,14,7349,0.4479009807109833,0.806212842464447
0.4384421110153198,0.8067238926887512,15,7839,,
,,15,7839,0.44209158420562744,0.8070329427719116
0.433990478515625,0.8090664148330688,16,8329,,
,,16,8329,0.4390963912010193,0.8079345226287842
0.42864304780960083,0.8099619746208191,17,8819,,
,,17,8819,0.4328954219818115,0.8088855147361755
0.4272834360599518,0.8097142577171326,18,9309,,
,,18,9309,0.42886751890182495,0.809673011302948
0.4236725866794586,0.8112097382545471,19,9799,,
,,19,9799,0.4261505603790283,0.8107221722602844
0.42385178804397583,0.8111141324043274,20,10289,,
,,20,10289,0.42483267188072205,0.8115307688713074
0.4202214479446411,0.8128284215927124,21,10779,,
,,21,10779,0.42261168360710144,0.8120408058166504
0.4179956614971161,0.8124284744262695,22,11269,,
,,22,11269,0.4207097887992859,0.8129915595054626
0.4176328182220459,0.8147621154785156,23,11759,,
,,23,11759,0.4208798110485077,0.8136123418807983
0.4155716598033905,0.8133711218833923,24,12249,,
,,24,12249,0.41783252358436584,0.8148976564407349
0.4155683219432831,0.813904881477356,25,12739,,
,,25,12739,0.4170932173728943,0.8155100345611572
0.41436317563056946,0.8167141079902649,26,13229,,
,,26,13229,0.41555288434028625,0.8161303400993347
0.41436928510665894,0.8171522617340088,27,13719,,
,,27,13719,0.41407978534698486,0.816967248916626
0.4110153019428253,0.8160382509231567,28,14209,,
,,28,14209,0.41237181425094604,0.8174411058425903
0.4115736484527588,0.8165715336799622,29,14699,,
,,29,14699,0.41096392273902893,0.8175836205482483
0.4073079526424408,0.8171806931495667,30,15189,,
,,30,15189,0.4099190831184387,0.8178653717041016
0.40651196241378784,0.8179712891578674,31,15679,,
,,31,15679,0.40904995799064636,0.8182693123817444
0.41260385513305664,0.8158382773399353,32,16169,,
,,32,16169,0.4075707793235779,0.8185263872146606
0.40507304668426514,0.8190000057220459,33,16659,,
,,33,16659,0.405452698469162,0.819101870059967
0.4048369228839874,0.8196189403533936,34,17149,,
,,34,17149,0.40447261929512024,0.8196772933006287
0.4051058292388916,0.8197042346000671,35,17639,,
,,35,17639,0.4033263623714447,0.8199052810668945
0.4009839594364166,0.8196287155151367,36,18129,,
,,36,18129,0.40247365832328796,0.8200938105583191
0.3989889919757843,0.8197807669639587,37,18619,,
,,37,18619,0.4006604254245758,0.820138692855835
0.39765670895576477,0.8200951218605042,38,19109,,
,,38,19109,0.3996395170688629,0.8206327557563782
0.40080398321151733,0.8198570609092712,39,19599,,
,,39,19599,0.39983150362968445,0.8205670714378357
0.39591333270072937,0.8204002976417542,40,20089,,
,,40,20089,0.39921271800994873,0.8205010890960693
0.395199716091156,0.8200952410697937,41,20579,,
,,41,20579,0.39730843901634216,0.8207469582557678
0.39534348249435425,0.8199620246887207,42,21069,,
,,42,21069,0.3967372179031372,0.8209021687507629
0.3950529992580414,0.8202381134033203,43,21559,,
,,43,21559,0.3963748812675476,0.8210000991821289
0.39600059390068054,0.8208855986595154,44,22049,,
,,44,22049,0.39615845680236816,0.821093738079071
0.395921915769577,0.8206093907356262,45,22539,,
,,45,22539,0.3949485421180725,0.8213882446289062
0.3931063413619995,0.8210476040840149,46,23029,,
,,46,23029,0.3954576253890991,0.8212571144104004
0.3930588662624359,0.8210476040840149,47,23519,,
,,47,23519,0.3943530023097992,0.8213598728179932
0.39603641629219055,0.8199430108070374,48,24009,,
,,48,24009,0.39373183250427246,0.8214860558509827
0.3939256966114044,0.8216382265090942,49,24499,,
,,49,24499,0.3927208185195923,0.8219388723373413
0.3917907774448395,0.820923924446106,50,24989,,
,,50,24989,0.3927507996559143,0.8214285969734192
0.3926815092563629,0.8205906748771667,51,25479,,
,,51,25479,0.39199477434158325,0.8220608830451965
0.39111587405204773,0.8203141093254089,52,25969,,
,,52,25969,0.3911074101924896,0.8222531676292419
0.3907034993171692,0.8211715221405029,53,26459,,
,,53,26459,0.39127805829048157,0.8219753503799438
0.39150503277778625,0.8208096027374268,54,26949,,
,,54,26949,0.39072170853614807,0.8218573927879333
0.392103374004364,0.8205806612968445,55,27439,,
,,55,27439,0.3901660144329071,0.8223549723625183
0.38926514983177185,0.8209996223449707,56,27929,,
,,56,27929,0.39010459184646606,0.8219591975212097
0.3885769546031952,0.8223046064376831,57,28419,,
,,57,28419,0.38987603783607483,0.8222288489341736
0.3924464285373688,0.8196381330490112,58,28909,,
,,58,28909,0.3888702690601349,0.8226485848426819
0.38838115334510803,0.8216570615768433,59,29399,,
,,59,29399,0.38832521438598633,0.822224497795105
0.3878146708011627,0.821990430355072,60,29889,,
,,60,29889,0.3877652585506439,0.8223835825920105
0.3855283856391907,0.8221237063407898,61,30379,,
,,61,30379,0.3873291313648224,0.8224655389785767
0.3904535472393036,0.8195143342018127,62,30869,,
,,62,30869,0.38745108246803284,0.8223466277122498
0.42493680119514465,0.8186571002006531,63,31359,,
,,63,31359,0.3888658583164215,0.8220900893211365
0.39239779114723206,0.8205714225769043,64,31849,,
,,64,31849,0.38837218284606934,0.8223791718482971
0.3869556188583374,0.8219903111457825,65,32339,,
,,65,32339,0.3856673836708069,0.8224896192550659
0.39028242230415344,0.819952130317688,66,32829,,
,,66,32829,0.38603511452674866,0.8221187591552734
0.3861391842365265,0.8223236799240112,67,33319,,
,,67,33319,0.3863522410392761,0.8219226002693176
0.3822278380393982,0.8219524621963501,68,33809,,
,,68,33809,0.384406179189682,0.822701632976532
0.3855594992637634,0.819990336894989,69,34299,,
,,69,34299,0.3851349949836731,0.8222445249557495
0.3821432590484619,0.8216478824615479,70,34789,,
,,70,34789,0.3875157833099365,0.8222038149833679
0.3847883939743042,0.8213523030281067,71,35279,,
,,71,35279,0.3822237253189087,0.8227997422218323
0.38414981961250305,0.8210379481315613,72,35769,,
,,72,35769,0.38270965218544006,0.8228204846382141
0.3828120231628418,0.8208284974098206,73,36259,,
,,73,36259,0.3843304514884949,0.8222695589065552
0.38489824533462524,0.8206190466880798,74,36749,,
,,74,36749,0.38294872641563416,0.8225510120391846
0.39397382736206055,0.8211239576339722,75,37239,,
,,75,37239,0.4068136513233185,0.817746639251709
0.3860194683074951,0.8223429918289185,76,37729,,
,,76,37729,0.3889840245246887,0.8229672312736511
0.390249103307724,0.8216854333877563,77,38219,,
,,77,38219,0.3836250305175781,0.8235344290733337
0.3818608820438385,0.8223238587379456,78,38709,,
,,78,38709,0.38266754150390625,0.8237301707267761
0.3868403434753418,0.8200283646583557,79,39199,,
,,79,39199,0.3802339434623718,0.823502242565155
0.3849463164806366,0.8214000463485718,80,39689,,
,,80,39689,0.38090357184410095,0.8230817317962646
0.3794421851634979,0.8223620057106018,81,40179,,
,,81,40179,0.381344735622406,0.8228939175605774
0.38005414605140686,0.8217333555221558,82,40669,,
,,82,40669,0.3785330057144165,0.8232613801956177
0.3828083872795105,0.821133553981781,83,41159,,
,,83,41159,0.3786545395851135,0.8231055736541748
0.37880197167396545,0.8223618865013123,84,41649,,
,,84,41649,0.3862927258014679,0.8223631381988525
0.37958499789237976,0.821952760219574,85,42139,,
,,85,42139,0.3792448937892914,0.8230735063552856
0.378511905670166,0.8221715688705444,86,42629,,
,,86,42629,0.3781920075416565,0.8229345679283142
0.38121792674064636,0.821780800819397,87,43119,,
,,87,43119,0.3785713016986847,0.823358952999115
0.3766666054725647,0.823142945766449,88,43609,,
,,88,43609,0.37714627385139465,0.8231958150863647
0.3769356310367584,0.8219522833824158,89,44099,,
,,89,44099,0.37713268399238586,0.8234531283378601
0.3782757520675659,0.8225902915000916,90,44589,,
,,90,44589,0.3769514858722687,0.8232244253158569
0.3776993751525879,0.8215999007225037,91,45079,,
,,91,45079,0.3857424259185791,0.8203344345092773
0.3763960301876068,0.8217997550964355,92,45569,,
,,92,45569,0.3752821683883667,0.8236081600189209
0.3796117603778839,0.8227522373199463,93,46059,,
,,93,46059,0.3747420012950897,0.8235347867012024
0.3768840432167053,0.8208954334259033,94,46549,,
,,94,46549,0.37427037954330444,0.823918342590332
0.37390702962875366,0.8216763138771057,95,47039,,
,,95,47039,0.3751261830329895,0.8238650560379028
0.38028696179389954,0.8222382068634033,96,47529,,
,,96,47529,0.37325790524482727,0.8237628936767578
0.37523573637008667,0.821523904800415,97,48019,,
,,97,48019,0.3736238181591034,0.8237753510475159
0.37310031056404114,0.8243141770362854,98,48509,,
,,98,48509,0.3734027147293091,0.8239750266075134
0.3832823634147644,0.8208950161933899,99,48999,,
,,99,48999,0.3720594048500061,0.8242127895355225
0.3707260489463806,0.823647677898407,100,49489,,
,,100,49489,0.37116697430610657,0.8241385817527771
0.3729263246059418,0.823933482170105,101,49979,,
,,101,49979,0.370632529258728,0.8239673972129822
0.36954405903816223,0.8249239921569824,102,50469,,
,,102,50469,0.3694455623626709,0.8243999481201172
0.3691069483757019,0.8233621716499329,103,50959,,
,,103,50959,0.3699256479740143,0.8247103691101074
0.3679342269897461,0.8238378167152405,104,51449,,
,,104,51449,0.3682961165904999,0.8248039484024048
0.37347668409347534,0.8219524621963501,105,51939,,
,,105,51939,0.3676590919494629,0.8247188925743103
0.3653825521469116,0.8234478235244751,106,52429,,
,,106,52429,0.3676261305809021,0.8247550129890442
0.3672585189342499,0.8228287100791931,107,52919,,
,,107,52919,0.3666521906852722,0.8253224492073059
0.3656957447528839,0.8236569762229919,108,53409,,
,,108,53409,0.3666355311870575,0.8249508142471313
0.3713820278644562,0.8234379887580872,109,53899,,
,,109,53899,0.36609765887260437,0.8255429863929749
0.36945298314094543,0.8226286172866821,110,54389,,
,,110,54389,0.3656141459941864,0.825204074382782
0.3698999881744385,0.8240474462509155,111,54879,,
,,111,54879,0.36464086174964905,0.8249266743659973
0.3656318783760071,0.8247237801551819,112,55369,,
,,112,55369,0.3640938401222229,0.8260449767112732
0.3637974262237549,0.8246665000915527,113,55859,,
,,113,55859,0.3639175295829773,0.8256657123565674
0.36421576142311096,0.8266952037811279,114,56349,,
,,114,56349,0.3621029555797577,0.8264860510826111
0.3717009723186493,0.8278763890266418,115,56839,,
,,115,56839,0.36311227083206177,0.8263673186302185
0.36379241943359375,0.8242380023002625,116,57329,,
,,116,57329,0.36178699135780334,0.8269389867782593
0.3632614314556122,0.8252190947532654,117,57819,,
,,117,57819,0.3608834445476532,0.8269796967506409
0.36079296469688416,0.8257054686546326,118,58309,,
,,118,58309,0.3614213466644287,0.827122688293457
0.3586233854293823,0.8266568779945374,119,58799,,
,,119,58799,0.3601926863193512,0.8268977403640747
0.36794665455818176,0.8236953020095825,120,59289,,
,,120,59289,0.36221200227737427,0.8266084790229797
0.366421103477478,0.8260190486907959,121,59779,,
,,121,59779,0.3600753843784332,0.8276203870773315
0.36382800340652466,0.8265713453292847,122,60269,,
,,122,60269,0.35929441452026367,0.827535092830658
0.3586544692516327,0.8270189762115479,123,60759,,
,,123,60759,0.3592148721218109,0.8284571170806885
0.35691437125205994,0.8295236229896545,124,61249,,
,,124,61249,0.35839852690696716,0.8287384510040283
0.35750696063041687,0.8287811279296875,125,61739,,
,,125,61739,0.3573121726512909,0.8290899991989136
0.36815762519836426,0.8279998898506165,126,62229,,
,,126,62229,0.3583740293979645,0.8288524150848389
0.3645007312297821,0.8292475938796997,127,62719,,
,,127,62719,0.358058363199234,0.8284119963645935
0.36011308431625366,0.8297427296638489,128,63209,,
,,128,63209,0.3629891276359558,0.8265348076820374
0.35706913471221924,0.8295905590057373,129,63699,,
,,129,63699,0.3570381999015808,0.8290814757347107
0.35624057054519653,0.8285050392150879,130,64189,,
,,130,64189,0.3560439944267273,0.8293668627738953
0.3623259663581848,0.8269999027252197,131,64679,,
,,131,64679,0.3551498353481293,0.8298946022987366
0.3568580746650696,0.8276761770248413,132,65169,,
,,132,65169,0.35469213128089905,0.8301348090171814
0.35429275035858154,0.8290284872055054,133,65659,,
,,133,65659,0.354918897151947,0.8304078578948975
0.355362206697464,0.8309902548789978,134,66149,,
,,134,66149,0.35364338755607605,0.8305996656417847
0.35683587193489075,0.8293809294700623,135,66639,,
,,135,66639,0.35312530398368835,0.8305303454399109
0.3544684052467346,0.8310478329658508,136,67129,,
,,136,67129,0.3529565930366516,0.8311066627502441
0.35917481780052185,0.8304860591888428,137,67619,,
,,137,67619,0.352809339761734,0.8314985036849976
0.366219162940979,0.8297902941703796,138,68109,,
,,138,68109,0.35227954387664795,0.8317999839782715
0.3553561568260193,0.8308950662612915,139,68599,,
,,139,68599,0.3526979088783264,0.8314611911773682
0.3569996654987335,0.8294097185134888,140,69089,,
,,140,69089,0.3525112271308899,0.8314733505249023
0.3522112965583801,0.832295298576355,141,69579,,
,,141,69579,0.35034167766571045,0.8321061134338379
0.35260334610939026,0.8313809633255005,142,70069,,
,,142,70069,0.3506210148334503,0.8321799039840698
0.35528138279914856,0.8299234509468079,143,70559,,
,,143,70559,0.35023775696754456,0.8322778940200806
0.3526870012283325,0.8326285481452942,144,71049,,
,,144,71049,0.3503626883029938,0.8324613571166992
0.3498084843158722,0.8328858017921448,145,71539,,
,,145,71539,0.34868404269218445,0.8331996202468872
0.35152050852775574,0.8300663232803345,146,72029,,
,,146,72029,0.3480180501937866,0.8331061601638794
0.34946104884147644,0.8316665887832642,147,72519,,
,,147,72519,0.34864097833633423,0.8333184719085693
0.35269731283187866,0.8303808569908142,148,73009,,
,,148,73009,0.3480417728424072,0.8329669237136841
0.3488197922706604,0.8328954577445984,149,73499,,
,,149,73499,0.3480373024940491,0.8332045078277588
0.3527643382549286,0.8323618769645691,150,73989,,
,,150,73989,0.34645211696624756,0.8336737155914307
0.35522952675819397,0.8331143856048584,151,74479,,
,,151,74479,0.3471142649650574,0.8336654305458069
0.3512382209300995,0.8307429552078247,152,74969,,
,,152,74969,0.34577125310897827,0.83348548412323
0.35262978076934814,0.8339618444442749,153,75459,,
,,153,75459,0.3451673686504364,0.8339876532554626
0.3511061668395996,0.8316857218742371,154,75949,,
,,154,75949,0.34479236602783203,0.8343753814697266
0.35157185792922974,0.8312380313873291,155,76439,,
,,155,76439,0.344441682100296,0.8343997001647949
0.3472122251987457,0.8326668739318848,156,76929,,
,,156,76929,0.34435683488845825,0.8345307111740112
0.34334835410118103,0.8332381844520569,157,77419,,
,,157,77419,0.34418168663978577,0.8347998857498169
0.3469385504722595,0.8335047364234924,158,77909,,
,,158,77909,0.34348660707473755,0.8349228501319885
0.34718000888824463,0.8311618566513062,159,78399,,
,,159,78399,0.34242382645606995,0.8352736234664917
0.34951791167259216,0.8329336047172546,160,78889,,
,,160,78889,0.3429282605648041,0.8353552222251892
0.34693077206611633,0.8341143727302551,161,79379,,
,,161,79379,0.3425293266773224,0.8353346586227417
0.3436361849308014,0.8344285488128662,162,79869,,
,,162,79869,0.34162238240242004,0.8356485366821289
0.3535085916519165,0.8335141539573669,163,80359,,
,,163,80359,0.34149378538131714,0.835685670375824
0.3492608964443207,0.8326287269592285,164,80849,,
,,164,80849,0.34072744846343994,0.8360123038291931
0.3421439826488495,0.8360092043876648,165,81339,,
,,165,81339,0.3402385711669922,0.8362616896629333
0.34503138065338135,0.8365429043769836,166,81829,,
,,166,81829,0.3427307903766632,0.8354291915893555
0.348384290933609,0.8358191847801208,167,82319,,
,,167,82319,0.3416532874107361,0.8354780077934265
0.34808534383773804,0.8320095539093018,168,82809,,
,,168,82809,0.3418472111225128,0.8356614112854004
0.34764334559440613,0.8339906930923462,169,83299,,
,,169,83299,0.3399433195590973,0.8359715342521667
0.34081536531448364,0.8358667492866516,170,83789,,
,,170,83789,0.3403778672218323,0.8360854387283325
0.3399752378463745,0.8364095687866211,171,84279,,
,,171,84279,0.33874568343162537,0.8367229104042053
0.34069743752479553,0.8368381857872009,172,84769,,
,,172,84769,0.3388966917991638,0.8366366624832153
0.34137633442878723,0.8361047506332397,173,85259,,
,,173,85259,0.33786699175834656,0.8370324373245239
0.34294548630714417,0.8351622819900513,174,85749,,
,,174,85749,0.3376375436782837,0.8370693325996399
0.3403390645980835,0.8371617197990417,175,86239,,
,,175,86239,0.33735546469688416,0.8372039794921875
0.3450544774532318,0.8353333473205566,176,86729,,
,,176,86729,0.3370888829231262,0.8378122448921204
0.3399448096752167,0.8375047445297241,177,87219,,
,,177,87219,0.33586394786834717,0.8379676938056946
0.3436761200428009,0.8361048102378845,178,87709,,
,,178,87709,0.336739718914032,0.8376036882400513
0.3433145582675934,0.8355050086975098,179,88199,,
,,179,88199,0.3356311321258545,0.8379711508750916
0.34466633200645447,0.8359047770500183,180,88689,,
,,180,88689,0.33545392751693726,0.8382575511932373
0.33685192465782166,0.8378094434738159,181,89179,,
,,181,89179,0.33540311455726624,0.8383592367172241
0.33674564957618713,0.8379049301147461,182,89669,,
,,182,89669,0.3375474810600281,0.8378410339355469
0.3453580141067505,0.8350287675857544,183,90159,,
,,183,90159,0.3350275754928589,0.8381468653678894
0.3382852077484131,0.8365429639816284,184,90649,,
,,184,90649,0.3355659246444702,0.8380531668663025
0.33666688203811646,0.8382474780082703,185,91139,,
,,185,91139,0.3339080512523651,0.8389188647270203
0.3367536962032318,0.8379334807395935,186,91629,,
,,186,91629,0.33463746309280396,0.8386366367340088
0.33707723021507263,0.8377524018287659,187,92119,,
,,187,92119,0.3334372341632843,0.8386817574501038
0.3358709216117859,0.8390572667121887,188,92609,,
,,188,92609,0.33399516344070435,0.8389919996261597
0.3460191488265991,0.8345810174942017,189,93099,,
,,189,93099,0.3329923152923584,0.8389222621917725
0.33855336904525757,0.838933527469635,190,93589,,
,,190,93589,0.333944708108902,0.8391427993774414
0.3368234634399414,0.8372097015380859,191,94079,,
,,191,94079,0.3330148756504059,0.8392530083656311
0.34174224734306335,0.838628888130188,192,94569,,
,,192,94569,0.3322572112083435,0.8396005034446716
0.33770492672920227,0.8382095694541931,193,95059,,
,,193,95059,0.33312323689460754,0.83953458070755
0.3440183699131012,0.8373809456825256,194,95549,,
,,194,95549,0.33238857984542847,0.8395179510116577
0.33254677057266235,0.8390570878982544,195,96039,,
,,195,96039,0.33166229724884033,0.83974689245224
0.3388972878456116,0.8382191061973572,196,96529,,
,,196,96529,0.3312225043773651,0.8395266532897949
0.33353686332702637,0.8389144539833069,197,97019,,
,,197,97019,0.33246663212776184,0.839649498462677
0.3410894274711609,0.8387048840522766,198,97509,,
,,198,97509,0.3312585949897766,0.8402243256568909
0.33443379402160645,0.8407144546508789,199,97999,,
,,199,97999,0.3318102955818176,0.8398532867431641
0.3470425605773926,0.8384285569190979,200,98489,,
,,200,98489,0.3301311135292053,0.8405057191848755
0.33269527554512024,0.8404386043548584,201,98979,,
,,201,98979,0.3304375410079956,0.840600311756134
0.3337511420249939,0.8373809456825256,202,99469,,
,,202,99469,0.32908231019973755,0.840592086315155
0.3355241119861603,0.8392378091812134,203,99959,,
,,203,99959,0.32939544320106506,0.8406533002853394
0.3355059027671814,0.8393526077270508,204,100449,,
,,204,100449,0.3296533524990082,0.8410816192626953
0.33157920837402344,0.8396192193031311,205,100939,,
,,205,100939,0.3302932381629944,0.8402039408683777
0.33285975456237793,0.8408949971199036,206,101429,,
,,206,101429,0.3326560854911804,0.8401473164558411
0.33967024087905884,0.8378380537033081,207,101919,,
,,207,101919,0.3287590742111206,0.8409870862960815
0.32935020327568054,0.8412572741508484,208,102409,,
,,208,102409,0.3293135464191437,0.8410612344741821
0.333369642496109,0.8391140103340149,209,102899,,
,,209,102899,0.32826870679855347,0.8417218327522278
0.3358757197856903,0.8369905352592468,210,103389,,
,,210,103389,0.32791513204574585,0.8417014479637146
0.3296358287334442,0.8396668434143066,211,103879,,
,,211,103879,0.32910850644111633,0.841102123260498
0.3387210965156555,0.8403617739677429,212,104369,,
,,212,104369,0.3273630142211914,0.8414411544799805
0.33193039894104004,0.8396665453910828,213,104859,,
,,213,104859,0.327145516872406,0.8419754505157471
0.32856518030166626,0.8400092124938965,214,105349,,
,,214,105349,0.32739129662513733,0.8419750332832336
0.3282601535320282,0.8403617143630981,215,105839,,
,,215,105839,0.32692068815231323,0.8417227864265442
0.33073827624320984,0.8399810194969177,216,106329,,
,,216,106329,0.32702311873435974,0.8417550325393677
0.3350624442100525,0.8407142758369446,217,106819,,
,,217,106819,0.3271900415420532,0.8417179584503174
0.32788142561912537,0.8422759771347046,218,107309,,
,,218,107309,0.3264869749546051,0.8418328166007996
0.3326265811920166,0.8394099473953247,219,107799,,
,,219,107799,0.32711681723594666,0.8416124582290649
0.33160269260406494,0.8379045724868774,220,108289,,
,,220,108289,0.3258156180381775,0.842302143573761
0.32848218083381653,0.8396188616752625,221,108779,,
,,221,108779,0.3258146643638611,0.8420244455337524
0.33070290088653564,0.841552197933197,222,109269,,
,,222,109269,0.32582569122314453,0.8424533009529114
0.3273720145225525,0.8417714834213257,223,109759,,
,,223,109759,0.32470542192459106,0.8426000475883484
0.33140572905540466,0.839981198310852,224,110249,,
,,224,110249,0.32410770654678345,0.8427954912185669
0.3337680697441101,0.8390953540802002,225,110739,,
,,225,110739,0.3251800537109375,0.8421757817268372
0.32678598165512085,0.8413330316543579,226,111229,,
,,226,111229,0.32693424820899963,0.8420451879501343
0.32762327790260315,0.8397716879844666,227,111719,,
,,227,111719,0.32391008734703064,0.8428003787994385
0.3283633291721344,0.8406000733375549,228,112209,,
,,228,112209,0.3253089189529419,0.8426164984703064
0.32550808787345886,0.8414002060890198,229,112699,,
,,229,112699,0.32321515679359436,0.8430167436599731
0.3305302560329437,0.8403903245925903,230,113189,,
,,230,113189,0.3228274881839752,0.843163251876831
0.32898634672164917,0.8397427201271057,231,113679,,
,,231,113679,0.32364484667778015,0.8427595496177673
0.3241173326969147,0.8430952429771423,232,114169,,
,,232,114169,0.32226043939590454,0.8431919813156128
0.32801711559295654,0.8406003713607788,233,114659,,
,,233,114659,0.32636207342147827,0.8420122265815735
0.32365161180496216,0.8433714509010315,234,115149,,
,,234,115149,0.32287871837615967,0.8431509137153625
0.3271098732948303,0.8414379358291626,235,115639,,
,,235,115639,0.323831707239151,0.8425183296203613
0.3230472803115845,0.8424667716026306,236,116129,,
,,236,116129,0.32333406805992126,0.8433673977851868
0.3239206373691559,0.8405426740646362,237,116619,,
,,237,116619,0.32150909304618835,0.8437834978103638
0.32290181517601013,0.8424091339111328,238,117109,,
,,238,117109,0.32126471400260925,0.8438000679016113
0.32109153270721436,0.842885434627533,239,117599,,
,,239,117599,0.32191091775894165,0.8433921337127686
0.33047792315483093,0.839199960231781,240,118089,,
,,240,118089,0.32254841923713684,0.8436205983161926
0.3220134377479553,0.8420762419700623,241,118579,,
,,241,118579,0.321671724319458,0.8434447646141052
0.323456346988678,0.8417713642120361,242,119069,,
,,242,119069,0.32159891724586487,0.8438371419906616
0.32331886887550354,0.8425332903862,243,119559,,
,,243,119559,0.3201330602169037,0.8442200422286987
0.32706138491630554,0.8397712707519531,244,120049,,
,,244,120049,0.3201425075531006,0.8440410494804382
0.3299850523471832,0.8382472395896912,245,120539,,
,,245,120539,0.3207641541957855,0.8438975811004639
0.33206143975257874,0.838733434677124,246,121029,,
,,246,121029,0.32063812017440796,0.8438857793807983
0.3288879990577698,0.8382952213287354,247,121519,,
,,247,121519,0.32132795453071594,0.8438940644264221
0.33392149209976196,0.8429809212684631,248,122009,,
,,248,122009,0.31946203112602234,0.8444369435310364
0.3225507438182831,0.8427430391311646,249,122499,,
,,249,122499,0.3209480941295624,0.843869686126709
0.32052507996559143,0.843419075012207,250,122989,,
,,250,122989,0.3178633451461792,0.8449223637580872
0.32007595896720886,0.8440287113189697,251,123479,,
,,251,123479,0.3192685544490814,0.8445919752120972
0.3194373548030853,0.8444668054580688,252,123969,,
,,252,123969,0.3186202049255371,0.8446490168571472
0.32227128744125366,0.8446951508522034,253,124459,,
,,253,124459,0.31842169165611267,0.8449752926826477
0.32384681701660156,0.8429332375526428,254,124949,,
,,254,124949,0.31765422224998474,0.8453145027160645
0.3209497034549713,0.8433524966239929,255,125439,,
,,255,125439,0.3170887529850006,0.8454732894897461
0.33376345038414,0.8430856466293335,256,125929,,
,,256,125929,0.31705939769744873,0.8453513383865356
0.31830307841300964,0.84563809633255,257,126419,,
,,257,126419,0.3163869380950928,0.8455798625946045
0.31799593567848206,0.8450571894645691,258,126909,,
,,258,126909,0.31776127219200134,0.8455832004547119
0.31710687279701233,0.8433526754379272,259,127399,,
,,259,127399,0.31748494505882263,0.8453797698020935
0.3210090100765228,0.8444379568099976,260,127889,,
,,260,127889,0.31680092215538025,0.8456894159317017
0.33159467577934265,0.842657208442688,261,128379,,
,,261,128379,0.31738391518592834,0.8452040553092957
0.31767770648002625,0.8453333377838135,262,128869,,
,,262,128869,0.3157307803630829,0.8458291888237
0.31734204292297363,0.8457331657409668,263,129359,,
,,263,129359,0.31498658657073975,0.8463546633720398
0.3175956904888153,0.8437143564224243,264,129849,,
,,264,129849,0.31487002968788147,0.8461388945579529
0.3213278353214264,0.8446860909461975,265,130339,,
,,265,130339,0.31440234184265137,0.84639573097229
0.31866732239723206,0.8430189490318298,266,130829,,
,,266,130829,0.3143831789493561,0.8467957377433777
0.3144582211971283,0.8446666598320007,267,131319,,
,,267,131319,0.31736043095588684,0.8456366658210754
0.31549543142318726,0.8447237610816956,268,131809,,
,,268,131809,0.3187691569328308,0.8452614545822144
0.3140334486961365,0.8467807173728943,269,132299,,
,,269,132299,0.31397220492362976,0.8470120429992676
0.31633755564689636,0.8448570370674133,270,132789,,
,,270,132789,0.313476026058197,0.8473474383354187
0.31909069418907166,0.844828188419342,271,133279,,
,,271,133279,0.31489819288253784,0.846686065196991
0.3128710687160492,0.8478854894638062,272,133769,,
,,272,133769,0.3124370276927948,0.8474166393280029
0.3124755322933197,0.8467811346054077,273,134259,,
,,273,134259,0.31379422545433044,0.8467060923576355
0.3148607015609741,0.8440858721733093,274,134749,,
,,274,134749,0.31289348006248474,0.8473225235939026
0.31420180201530457,0.8475619554519653,275,135239,,
,,275,135239,0.31277918815612793,0.8469586372375488
0.3141326308250427,0.8452096581459045,276,135729,,
,,276,135729,0.3118383586406708,0.8478364944458008
0.3133300542831421,0.8453618884086609,277,136219,,
,,277,136219,0.31370648741722107,0.8469799160957336
0.32646462321281433,0.8441048860549927,278,136709,,
,,278,136709,0.31233689188957214,0.847097635269165
0.3106173872947693,0.8484573364257812,279,137199,,
,,279,137199,0.31137558817863464,0.8478497862815857
0.3164985775947571,0.8465141654014587,280,137689,,
,,280,137689,0.3101111948490143,0.848110556602478
0.3114619553089142,0.8467427492141724,281,138179,,
,,281,138179,0.3144272267818451,0.8470122814178467
0.31572169065475464,0.8458003401756287,282,138669,,
,,282,138669,0.31020426750183105,0.8484000563621521
0.3162059783935547,0.842457115650177,283,139159,,
,,283,139159,0.3107226490974426,0.8483266234397888
0.3114748001098633,0.8477808833122253,284,139649,,
,,284,139649,0.30980753898620605,0.8484451770782471
0.3193216621875763,0.8448478579521179,285,140139,,
,,285,140139,0.3108120262622833,0.8480162620544434
0.31482619047164917,0.847180962562561,286,140629,,
,,286,140629,0.31537991762161255,0.8465058207511902
0.31150150299072266,0.8472381830215454,287,141119,,
,,287,141119,0.31037819385528564,0.8480162024497986
0.3106205463409424,0.8469143509864807,288,141609,,
,,288,141609,0.3100244402885437,0.8480451107025146
0.3125098943710327,0.8482571840286255,289,142099,,
,,289,142099,0.3111293315887451,0.8478983044624329
0.31734219193458557,0.8450859189033508,290,142589,,
,,290,142589,0.3113752603530884,0.8484490513801575
0.3086215555667877,0.8489333987236023,291,143079,,
,,291,143079,0.3092307150363922,0.848351001739502
0.3108302056789398,0.8483427166938782,292,143569,,
,,292,143569,0.30826276540756226,0.8485060334205627
0.3144860565662384,0.8471526503562927,293,144059,,
,,293,144059,0.30917757749557495,0.848395824432373
0.3094867467880249,0.8488666415214539,294,144549,,
,,294,144549,0.30906569957733154,0.8483426570892334
0.3095618784427643,0.8485999703407288,295,145039,,
,,295,145039,0.3089132308959961,0.8488696813583374
0.31535694003105164,0.8452571630477905,296,145529,,
,,296,145529,0.30758756399154663,0.8494277596473694
0.3095218241214752,0.8484001159667969,297,146019,,
,,297,146019,0.3078688085079193,0.8492935299873352
0.32100096344947815,0.8470956087112427,298,146509,,
,,298,146509,0.30816856026649475,0.8490530252456665
0.31179162859916687,0.8490948677062988,299,146999,,
,,299,146999,0.30750808119773865,0.8495429158210754
0.3101002275943756,0.8478001356124878,300,147489,,
,,300,147489,0.3079339861869812,0.8490656018257141
0.3076590299606323,0.8484386205673218,301,147979,,
,,301,147979,0.30844831466674805,0.8492117524147034
0.31053993105888367,0.846200168132782,302,148469,,
,,302,148469,0.30743348598480225,0.849301815032959
0.31268033385276794,0.8471619486808777,303,148959,,
,,303,148959,0.30741333961486816,0.8491184711456299
0.3067142069339752,0.8495999574661255,304,149449,,
,,304,149449,0.30671605467796326,0.8495916724205017
0.30498388409614563,0.8496570587158203,305,149939,,
,,305,149939,0.30711179971694946,0.849273145198822
0.3068896532058716,0.8492761254310608,306,150429,,
,,306,150429,0.3064631223678589,0.8494737148284912
0.307017058134079,0.8500002026557922,307,150919,,
,,307,150919,0.30517634749412537,0.8503183722496033
0.3060694634914398,0.8475236892700195,308,151409,,
,,308,151409,0.30568867921829224,0.8496164679527283
0.3078489303588867,0.8495521545410156,309,151899,,
,,309,151899,0.3060106337070465,0.8498455882072449
0.31155386567115784,0.8477904796600342,310,152389,,
,,310,152389,0.3048630654811859,0.8501099348068237
0.30471745133399963,0.8486953377723694,311,152879,,
,,311,152879,0.30654552578926086,0.8498812317848206
0.3036651909351349,0.8515045642852783,312,153369,,
,,312,153369,0.3050832748413086,0.8502006530761719
0.31184902787208557,0.8502758741378784,313,153859,,
,,313,153859,0.30494531989097595,0.8506770730018616
0.3045927584171295,0.8507429957389832,314,154349,,
,,314,154349,0.30436381697654724,0.850424587726593
0.3052002489566803,0.8498186469078064,315,154839,,
,,315,154839,0.3058242201805115,0.8502447605133057
0.3061252236366272,0.8475901484489441,316,155329,,
,,316,155329,0.30427706241607666,0.8505226969718933
0.30938851833343506,0.848066508769989,317,155819,,
,,317,155819,0.30470019578933716,0.8504321575164795
0.30752310156822205,0.846809446811676,318,156309,,
,,318,156309,0.30445659160614014,0.8503835201263428
0.30404412746429443,0.8485521674156189,319,156799,,
,,319,156799,0.3045046627521515,0.8502812385559082
0.3066013753414154,0.8493905067443848,320,157289,,
,,320,157289,0.30422815680503845,0.8506160974502563
0.305560827255249,0.8507331013679504,321,157779,,
,,321,157779,0.3050072491168976,0.850134551525116
0.3063259422779083,0.8508381843566895,322,158269,,
,,322,158269,0.30446264147758484,0.8504446744918823
0.30347907543182373,0.8505235314369202,323,158759,,
,,323,158759,0.3035455644130707,0.850738525390625
0.30475685000419617,0.8509806394577026,324,159249,,
,,324,159249,0.30302155017852783,0.8513021469116211
0.31268882751464844,0.8487333655357361,325,159739,,
,,325,159739,0.30303719639778137,0.8511103987693787
0.30844369530677795,0.8511335849761963,326,160229,,
,,326,160229,0.3044617176055908,0.8505758047103882
0.3030288517475128,0.8507049083709717,327,160719,,
,,327,160719,0.3031997084617615,0.851037323474884
0.3070842921733856,0.8490664958953857,328,161209,,
,,328,161209,0.3028348386287689,0.8511673212051392
0.30323395133018494,0.851076066493988,329,161699,,
,,329,161699,0.30458247661590576,0.8505140542984009
0.3035661578178406,0.8508952856063843,330,162189,,
,,330,162189,0.30320531129837036,0.8508166670799255
0.3010176420211792,0.8513140678405762,331,162679,,
,,331,162679,0.3023553788661957,0.8514564633369446
0.30580997467041016,0.8521713018417358,332,163169,,
,,332,163169,0.302794873714447,0.8513796925544739
0.30521637201309204,0.8521807789802551,333,163659,,
,,333,163659,0.3018576502799988,0.8513627052307129
0.30123695731163025,0.8508852124214172,334,164149,,
,,334,164149,0.30192652344703674,0.851571261882782
0.30308040976524353,0.8517714142799377,335,164639,,
,,335,164639,0.30110007524490356,0.8516731262207031
0.3024379312992096,0.8522094488143921,336,165129,,
,,336,165129,0.3030986189842224,0.8509842753410339
0.3044935464859009,0.8515714406967163,337,165619,,
,,337,165619,0.301336407661438,0.8517061471939087
0.3017275631427765,0.8504477143287659,338,166109,,
,,338,166109,0.30152150988578796,0.8517387509346008
0.30149269104003906,0.8529713749885559,339,166599,,
,,339,166599,0.30132582783699036,0.8519513010978699
0.30411332845687866,0.8484951853752136,340,167089,,
,,340,167089,0.3019386827945709,0.851726233959198
0.30017390847206116,0.8528378009796143,341,167579,,
,,341,167579,0.30461907386779785,0.8509555459022522
0.2989427149295807,0.8537713885307312,342,168069,,
,,342,168069,0.30055609345436096,0.8518571257591248
0.30310678482055664,0.8506665825843811,343,168559,,
,,343,168559,0.29957374930381775,0.8524445295333862
0.300039142370224,0.8514001369476318,344,169049,,
,,344,169049,0.30066463351249695,0.8521466255187988
0.3061038851737976,0.847771406173706,345,169539,,
,,345,169539,0.3004799783229828,0.8519880175590515
0.29906585812568665,0.8525903224945068,346,170029,,
,,346,170029,0.29974883794784546,0.8524367809295654
0.30276691913604736,0.8508949279785156,347,170519,,
,,347,170519,0.30158531665802,0.8521833419799805
0.30283308029174805,0.851000189781189,348,171009,,
,,348,171009,0.3004319369792938,0.8523635864257812
0.2993920147418976,0.8524953722953796,349,171499,,
,,349,171499,0.3001674711704254,0.8521509170532227
0.299079954624176,0.8516858220100403,350,171989,,
,,350,171989,0.30017560720443726,0.852142870426178
0.30352574586868286,0.8511333465576172,351,172479,,
,,351,172479,0.3008490800857544,0.8518691062927246
0.2994258403778076,0.8520474433898926,352,172969,,
,,352,172969,0.30024462938308716,0.8524608016014099
0.29943910241127014,0.8528003096580505,353,173459,,
,,353,173459,0.29935982823371887,0.8523267507553101
0.3093057870864868,0.8480095863342285,354,173949,,
,,354,173949,0.29906243085861206,0.8525555729866028
0.29961448907852173,0.8523523807525635,355,174439,,
,,355,174439,0.29986730217933655,0.8526161313056946
0.3014346659183502,0.8505520820617676,356,174929,,
,,356,174929,0.29939302802085876,0.8526160717010498
0.30891382694244385,0.8495237231254578,357,175419,,
,,357,175419,0.29887863993644714,0.852849006652832
0.3091873824596405,0.8503429293632507,358,175909,,
,,358,175909,0.2986137270927429,0.8526571989059448
0.30420801043510437,0.8489050269126892,359,176399,,
,,359,176399,0.29857563972473145,0.8533793091773987
0.297843873500824,0.8527234792709351,360,176889,,
,,360,176889,0.2976471781730652,0.8532575964927673
0.3029819428920746,0.8520475029945374,361,177379,,
,,361,177379,0.2984866797924042,0.8530571460723877
0.29851794242858887,0.852476179599762,362,177869,,
,,362,177869,0.2996003031730652,0.8526082038879395
0.30967819690704346,0.8515238761901855,363,178359,,
,,363,178359,0.29823413491249084,0.8533592820167542
0.30803772807121277,0.8501806259155273,364,178849,,
,,364,178849,0.2986220419406891,0.8528735041618347
0.30402758717536926,0.8495619297027588,365,179339,,
,,365,179339,0.2996634840965271,0.8526939749717712
0.298664391040802,0.8529523611068726,366,179829,,
,,366,179829,0.2972124218940735,0.8534126281738281
0.2959034740924835,0.852990448474884,367,180319,,
,,367,180319,0.29843419790267944,0.8529186248779297
0.2979365289211273,0.8539239168167114,368,180809,,
,,368,180809,0.29718509316444397,0.853395938873291
0.31039780378341675,0.8516952991485596,369,181299,,
,,369,181299,0.29808539152145386,0.8529347777366638
0.2973223924636841,0.8526572585105896,370,181789,,
,,370,181789,0.2965909540653229,0.8539263606071472
0.2986404299736023,0.852962076663971,371,182279,,
,,371,182279,0.2981419265270233,0.8527299761772156
0.3099077045917511,0.8475239276885986,372,182769,,
,,372,182769,0.29745998978614807,0.8532201051712036
0.2990199625492096,0.8541519045829773,373,183259,,
,,373,183259,0.2970280051231384,0.8537551164627075
0.29932916164398193,0.8545240759849548,374,183749,,
,,374,183749,0.2964641749858856,0.8534733653068542
0.29566946625709534,0.8541523218154907,375,184239,,
,,375,184239,0.29691246151924133,0.8536899089813232
0.2959986925125122,0.8537907600402832,376,184729,,
,,376,184729,0.2980706989765167,0.8532078862190247
0.3067800998687744,0.8532001376152039,377,185219,,
,,377,185219,0.29758358001708984,0.8530529141426086
0.2995724380016327,0.8552953004837036,378,185709,,
,,378,185709,0.29612240195274353,0.853522002696991
0.2989559471607208,0.8518950939178467,379,186199,,
,,379,186199,0.29685088992118835,0.8537880778312683
0.29595592617988586,0.8536001443862915,380,186689,,
,,380,186689,0.29592084884643555,0.8537183403968811
0.2961059510707855,0.8553142547607422,381,187179,,
,,381,187179,0.29591208696365356,0.8535957932472229
0.3000237047672272,0.8508284091949463,382,187669,,
,,382,187669,0.29617026448249817,0.8539590835571289
0.2947160005569458,0.8548572063446045,383,188159,,
,,383,188159,0.29641368985176086,0.8537474274635315
0.3033769726753235,0.8522379994392395,384,188649,,
,,384,188649,0.29588860273361206,0.8541468381881714
0.2992948293685913,0.8540477156639099,385,189139,,
,,385,189139,0.2952289581298828,0.8543225526809692
0.29829704761505127,0.8529715538024902,386,189629,,
,,386,189629,0.29656827449798584,0.8537513613700867
0.2968222498893738,0.85454261302948,387,190119,,
,,387,190119,0.2946726083755493,0.8541914224624634
0.29925480484962463,0.8525903820991516,388,190609,,
,,388,190609,0.295515775680542,0.854318380355835
0.29753077030181885,0.8551616668701172,389,191099,,
,,389,191099,0.2951548397541046,0.8541184067726135
0.29551294445991516,0.8534666895866394,390,191589,,
,,390,191589,0.2951105237007141,0.854236900806427
0.2955873906612396,0.8532094359397888,391,192079,,
,,391,192079,0.2960676848888397,0.8538163900375366
0.2942395508289337,0.8554384112358093,392,192569,,
,,392,192569,0.29472222924232483,0.8546646237373352
0.30806422233581543,0.850990355014801,393,193059,,
,,393,193059,0.29459643363952637,0.8545141220092773
0.29630815982818604,0.8545144200325012,394,193549,,
,,394,193549,0.2946273386478424,0.8546809554100037
0.29979753494262695,0.8535237908363342,395,194039,,
,,395,194039,0.2943861186504364,0.854436993598938
0.2985389828681946,0.8541809916496277,396,194529,,
,,396,194529,0.2940349876880646,0.854526698589325
0.2972225248813629,0.8529523611068726,397,195019,,
,,397,195019,0.29440733790397644,0.8544819951057434
0.2959868311882019,0.8550954461097717,398,195509,,
,,398,195509,0.29383018612861633,0.8549757599830627
0.29519161581993103,0.854085385799408,399,195999,,
,,399,195999,0.2938283383846283,0.8547186851501465
